Prime_p,6N_Wing,Mod_24,Root_Number,True_Rank,Rank_Lo,Rank_Hi,Computation_Status
5,-1,5,1,0,0,0,certified
7,1,7,-1,1,1,1,certified
11,-1,11,1,2,2,2,certified
13,1,13,-1,1,1,1,certified
17,-1,17,1,0,0,0,certified
19,1,19,-1,1,1,1,certified
23,-1,23,-1,1,1,1,certified
29,-1,5,-1,1,1,1,certified
31,1,7,1,0,0,0,certified
37,1,13,1,0,0,0,certified
41,-1,17,1,0,0,0,certified
43,1,19,-1,1,1,1,certified
47,-1,23,1,2,2,2,certified
53,-1,5,1,2,2,2,certified
59,-1,11,-1,1,1,1,certified
61,1,13,1,2,2,2,certified
67,1,19,1,2,2,2,certified
71,-1,23,-1,1,1,1,certified
73,1,1,1,0,0,0,certified
79,1,7,-1,1,1,1,certified
83,-1,11,1,2,2,2,certified
89,-1,17,1,2,2,2,certified
97,1,1,1,0,0,0,certified
101,-1,5,-1,1,1,1,certified
103,1,7,1,0,0,0,certified
107,-1,11,-1,1,1,1,certified
109,1,13,1,2,2,2,certified
113,-1,17,1,,0,2,bounded
127,1,7,-1,1,1,1,certified
131,-1,11,-1,1,1,1,certified
137,-1,17,-1,1,1,1,certified
139,1,19,1,2,2,2,certified
149,-1,5,1,,0,2,bounded
151,1,7,-1,1,1,1,certified
157,1,13,-1,1,1,1,certified
163,1,19,-1,1,1,1,certified
167,-1,23,-1,1,1,1,certified
173,-1,5,-1,1,1,1,certified
179,-1,11,-1,1,1,1,certified
181,1,13,1,0,0,0,certified
191,-1,23,1,2,2,2,certified
193,1,1,-1,1,1,1,certified
197,-1,5,1,0,0,0,certified
199,1,7,-1,1,1,1,certified
211,1,19,1,2,2,2,certified
223,1,7,-1,1,1,1,certified
227,-1,11,1,0,0,0,certified
229,1,13,-1,1,1,1,certified
233,-1,17,1,2,2,2,certified
239,-1,23,-1,1,1,1,certified
241,1,1,1,0,0,0,certified
251,-1,11,-1,1,1,1,certified
257,-1,17,1,0,0,0,certified
263,-1,23,1,0,0,0,certified
269,-1,5,1,0,0,0,certified
271,1,7,-1,1,1,1,certified
277,1,13,1,2,2,2,certified
281,-1,17,-1,1,1,1,certified
283,1,19,1,0,0,0,certified
293,-1,5,1,2,2,2,certified
307,1,19,-1,3,3,3,certified
311,-1,23,-1,1,1,1,certified
313,1,1,1,0,0,0,certified
317,-1,5,-1,1,1,1,certified
331,1,19,-1,1,1,1,certified
337,1,1,-1,1,1,1,certified
347,-1,11,-1,1,1,1,certified
349,1,13,1,0,0,0,certified
353,-1,17,-1,1,1,1,certified
359,-1,23,-1,1,1,1,certified
367,1,7,-1,1,1,1,certified
373,1,13,-1,1,1,1,certified
379,1,19,-1,1,1,1,certified
383,-1,23,-1,1,1,1,certified
389,-1,5,-1,1,1,1,certified
397,1,13,1,2,2,2,certified
401,-1,17,1,0,0,0,certified
409,1,1,-1,1,1,1,certified
419,-1,11,-1,1,1,1,certified
421,1,13,1,,0,2,bounded
431,-1,23,-1,3,3,3,certified
433,1,1,1,2,2,2,certified
439,1,7,-1,1,1,1,certified
443,-1,11,1,2,2,2,certified
449,-1,17,1,,0,2,bounded
457,1,1,1,0,0,0,certified
461,-1,5,-1,1,1,1,certified
463,1,7,1,2,2,2,certified
467,-1,11,-1,1,1,1,certified
479,-1,23,1,0,0,0,certified
487,1,7,-1,1,1,1,certified
491,-1,11,-1,1,1,1,certified
499,1,19,1,2,2,2,certified
503,-1,23,-1,3,3,3,certified
509,-1,5,1,2,2,2,certified
521,-1,17,1,0,0,0,certified
523,1,19,-1,1,1,1,certified
541,1,13,1,0,0,0,certified
547,1,19,-1,1,1,1,certified
557,-1,5,1,2,2,2,certified
563,-1,11,-1,1,1,1,certified
569,-1,17,-1,1,1,1,certified
571,1,19,1,2,2,2,certified
577,1,1,1,0,0,0,certified
587,-1,11,1,2,2,2,certified
593,-1,17,1,2,2,2,certified
599,-1,23,-1,1,1,1,certified
601,1,1,1,,0,2,bounded
607,1,7,1,0,0,0,certified
613,1,13,1,0,0,0,certified
617,-1,17,1,0,0,0,certified
619,1,19,-1,1,1,1,certified
631,1,7,-1,1,1,1,certified
641,-1,17,-1,1,1,1,certified
643,1,19,1,2,2,2,certified
647,-1,23,-1,1,1,1,certified
653,-1,5,1,,0,2,bounded
659,-1,11,1,2,2,2,certified
661,1,13,-1,1,1,1,certified
673,1,1,1,2,2,2,certified
677,-1,5,-1,1,1,1,certified
683,-1,11,-1,1,1,1,certified
691,1,19,-1,1,1,1,certified
701,-1,5,1,,0,2,bounded
709,1,13,1,,0,2,bounded
719,-1,23,-1,1,1,1,certified
727,1,7,-1,1,1,1,certified
733,1,13,-1,1,1,1,certified
739,1,19,-1,1,1,1,certified
743,-1,23,-1,1,1,1,certified
751,1,7,1,0,0,0,certified
757,1,13,1,0,0,0,certified
761,-1,17,1,,0,2,bounded
769,1,1,-1,1,1,1,certified
773,-1,5,1,,0,2,bounded
787,1,19,1,0,0,0,certified
797,-1,5,1,2,2,2,certified
809,-1,17,1,0,0,0,certified
811,1,19,-1,1,1,1,certified
821,-1,5,-1,1,1,1,certified
823,1,7,1,0,0,0,certified
827,-1,11,-1,1,1,1,certified
829,1,13,1,0,0,0,certified
839,-1,23,1,0,0,0,certified
853,1,13,1,0,0,0,certified
857,-1,17,-1,,1,3,bounded
859,1,19,1,2,2,2,certified
863,-1,23,-1,1,1,1,certified
877,1,13,-1,1,1,1,certified
881,-1,17,1,0,0,0,certified
883,1,19,-1,1,1,1,certified
887,-1,23,-1,1,1,1,certified
907,1,19,-1,1,1,1,certified
911,-1,23,1,,0,2,bounded
919,1,7,-1,1,1,1,certified
929,-1,17,-1,1,1,1,certified
937,1,1,1,0,0,0,certified
941,-1,5,1,,0,2,bounded
947,-1,11,1,2,2,2,certified
953,-1,17,1,0,0,0,certified
967,1,7,1,0,0,0,certified
971,-1,11,-1,1,1,1,certified
977,-1,17,1,0,0,0,certified
983,-1,23,1,0,0,0,certified
991,1,7,-1,1,1,1,certified
997,1,13,1,,0,2,bounded
1009,1,1,1,0,0,0,certified
1013,-1,5,1,0,0,0,certified
1019,-1,11,1,2,2,2,certified
1021,1,13,-1,1,1,1,certified
1031,-1,23,-1,1,1,1,certified
1033,1,1,1,2,2,2,certified
1039,1,7,1,0,0,0,certified
1049,-1,17,1,0,0,0,certified
1051,1,19,-1,1,1,1,certified
1061,-1,5,1,0,0,0,certified
1063,1,7,-1,1,1,1,certified
1069,1,13,1,2,2,2,certified
1087,1,7,-1,1,1,1,certified
1091,-1,11,1,2,2,2,certified
1093,1,13,-1,1,1,1,certified
1097,-1,17,1,2,2,2,certified
1103,-1,23,-1,1,1,1,certified
1109,-1,5,-1,1,1,1,certified
1117,1,13,1,0,0,0,certified
1123,1,19,-1,1,1,1,certified
1129,1,1,-1,1,1,1,certified
1151,-1,23,-1,1,1,1,certified
1153,1,1,1,0,0,0,certified
1163,-1,11,1,0,0,0,certified
1171,1,19,-1,1,1,1,certified
1181,-1,5,-1,1,1,1,certified
1187,-1,11,-1,3,3,3,certified
1193,-1,17,1,0,0,0,certified
1201,1,1,-1,1,1,1,certified
1213,1,13,1,,0,2,bounded
1217,-1,17,-1,1,1,1,certified
1223,-1,23,-1,1,1,1,certified
1229,-1,5,1,,0,2,bounded
1231,1,7,-1,1,1,1,certified
1237,1,13,-1,1,1,1,certified
1249,1,1,1,0,0,0,certified
1259,-1,11,-1,3,3,3,certified
1277,-1,5,1,,0,2,bounded
1279,1,7,-1,1,1,1,certified
1283,-1,11,-1,1,1,1,certified
1289,-1,17,-1,1,1,1,certified
1291,1,19,1,0,0,0,certified
1297,1,1,1,2,2,2,certified
1301,-1,5,1,0,0,0,certified
1303,1,7,-1,1,1,1,certified
1307,-1,11,1,0,0,0,certified
1319,-1,23,-1,1,1,1,certified
1321,1,1,1,2,2,2,certified
1327,1,7,1,2,2,2,certified
1361,-1,17,-1,1,1,1,certified
1367,-1,23,-1,1,1,1,certified
1373,-1,5,1,2,2,2,certified
1381,1,13,-1,1,1,1,certified
1399,1,7,1,0,0,0,certified
1409,-1,17,1,2,2,2,certified
1423,1,7,-1,1,1,1,certified
1427,-1,11,-1,1,1,1,certified
1429,1,13,1,0,0,0,certified
1433,-1,17,-1,1,1,1,certified
1439,-1,23,-1,3,3,3,certified
1447,1,7,-1,1,1,1,certified
1451,-1,11,1,2,2,2,certified
1453,1,13,-1,1,1,1,certified
1459,1,19,-1,1,1,1,certified
1471,1,7,1,0,0,0,certified
1481,-1,17,1,0,0,0,certified
1483,1,19,-1,1,1,1,certified
1487,-1,23,1,0,0,0,certified
1489,1,1,-1,1,1,1,certified
1493,-1,5,1,0,0,0,certified
1499,-1,11,-1,1,1,1,certified
1511,-1,23,-1,1,1,1,certified
1523,-1,11,1,2,2,2,certified
1531,1,19,-1,1,1,1,certified
1543,1,7,1,2,2,2,certified
1549,1,13,1,2,2,2,certified
1553,-1,17,1,0,0,0,certified
1559,-1,23,1,2,2,2,certified
1567,1,7,-1,1,1,1,certified
1571,-1,11,-1,1,1,1,certified
1579,1,19,1,2,2,2,certified
1583,-1,23,-1,1,1,1,certified
1597,1,13,-1,1,1,1,certified
1601,-1,17,1,0,0,0,certified
1607,-1,23,-1,3,3,3,certified
1609,1,1,1,0,0,0,certified
1613,-1,5,-1,,1,3,bounded
1619,-1,11,-1,1,1,1,certified
1621,1,13,1,2,2,2,certified
1627,1,19,-1,1,1,1,certified
1637,-1,5,1,0,0,0,certified
1657,1,1,1,,0,2,bounded
1663,1,7,-1,1,1,1,certified
1667,-1,11,1,0,0,0,certified
1669,1,13,-1,1,1,1,certified
1693,1,13,1,0,0,0,certified
1697,-1,17,1,,0,2,bounded
1699,1,19,-1,1,1,1,certified
1709,-1,5,1,0,0,0,certified
1721,-1,17,-1,1,1,1,certified
1723,1,19,1,0,0,0,certified
1733,-1,5,1,0,0,0,certified
1741,1,13,-1,1,1,1,certified
1747,1,19,-1,1,1,1,certified
1753,1,1,1,,0,2,bounded
1759,1,7,1,2,2,2,certified
1777,1,1,-1,3,3,3,certified
1783,1,7,-1,1,1,1,certified
1787,-1,11,-1,1,1,1,certified
1789,1,13,1,0,0,0,certified
1801,1,1,1,,0,2,bounded
1811,-1,11,1,2,2,2,certified
1823,-1,23,-1,1,1,1,certified
1831,1,7,1,0,0,0,certified
1847,-1,23,1,0,0,0,certified
1861,1,13,1,0,0,0,certified
1867,1,19,1,2,2,2,certified
1871,-1,23,-1,1,1,1,certified
1873,1,1,1,2,2,2,certified
1877,-1,5,1,0,0,0,certified
1879,1,7,-1,1,1,1,certified
1889,-1,17,1,2,2,2,certified
1901,-1,5,-1,1,1,1,certified
1907,-1,11,-1,1,1,1,certified
1913,-1,17,1,2,2,2,certified
1931,-1,11,-1,1,1,1,certified
1933,1,13,1,2,2,2,certified
1949,-1,5,1,,0,2,bounded
1951,1,7,-1,3,3,3,certified
1973,-1,5,-1,1,1,1,certified
1979,-1,11,-1,1,1,1,certified
1987,1,19,-1,1,1,1,certified
1993,1,1,-1,1,1,1,certified
1997,-1,5,1,2,2,2,certified
1999,1,7,-1,3,3,3,certified
2003,-1,11,-1,1,1,1,certified
2011,1,19,1,2,2,2,certified
2017,1,1,1,2,2,2,certified
2027,-1,11,1,2,2,2,certified
2029,1,13,-1,1,1,1,certified
2039,-1,23,-1,1,1,1,certified
2053,1,13,1,2,2,2,certified
2063,-1,23,1,0,0,0,certified
2069,-1,5,1,0,0,0,certified
2081,-1,17,-1,1,1,1,certified
2083,1,19,1,2,2,2,certified
2087,-1,23,-1,1,1,1,certified
2089,1,1,1,,0,2,bounded
2099,-1,11,1,2,2,2,certified
2111,-1,23,-1,1,1,1,certified
2113,1,1,1,,0,2,bounded
2129,-1,17,1,,0,2,bounded
2131,1,19,-1,1,1,1,certified
2137,1,1,-1,1,1,1,certified
2141,-1,5,1,2,2,2,certified
2143,1,7,-1,1,1,1,certified
2153,-1,17,-1,1,1,1,certified
2161,1,1,1,2,2,2,certified
2179,1,19,-1,1,1,1,certified
2203,1,19,-1,1,1,1,certified
2207,-1,23,1,0,0,0,certified
2213,-1,5,1,0,0,0,certified
2221,1,13,1,2,2,2,certified
2237,-1,5,1,2,2,2,certified
2239,1,7,-1,1,1,1,certified
2243,-1,11,1,0,0,0,certified
2251,1,19,-1,1,1,1,certified
2267,-1,11,-1,1,1,1,certified
2269,1,13,1,0,0,0,certified
2273,-1,17,1,2,2,2,certified
2281,1,1,-1,1,1,1,certified
2287,1,7,-1,1,1,1,certified
2293,1,13,1,0,0,0,certified
2297,-1,17,-1,1,1,1,certified
2309,-1,5,1,2,2,2,certified
2311,1,7,-1,1,1,1,certified
2333,-1,5,-1,1,1,1,certified
2339,-1,11,-1,1,1,1,certified
2341,1,13,1,2,2,2,certified
2347,1,19,-1,1,1,1,certified
2351,-1,23,1,4,4,4,certified
2357,-1,5,1,2,2,2,certified
2371,1,19,1,2,2,2,certified
2377,1,1,1,0,0,0,certified
2381,-1,5,1,0,0,0,certified
2383,1,7,-1,1,1,1,certified
2389,1,13,-1,,1,3,bounded
2393,-1,17,1,2,2,2,certified
2399,-1,23,-1,1,1,1,certified
2411,-1,11,-1,1,1,1,certified
2417,-1,17,1,2,2,2,certified
2423,-1,23,1,0,0,0,certified
2437,1,13,1,0,0,0,certified
2441,-1,17,-1,1,1,1,certified
2447,-1,23,-1,1,1,1,certified
2459,-1,11,1,2,2,2,certified
2467,1,19,-1,1,1,1,certified
2473,1,1,1,0,0,0,certified
2477,-1,5,-1,1,1,1,certified
2503,1,7,-1,1,1,1,certified
2521,1,1,1,,0,2,bounded
2531,-1,11,1,2,2,2,certified
2539,1,19,-1,1,1,1,certified
2543,-1,23,-1,1,1,1,certified
2549,-1,5,-1,1,1,1,certified
2551,1,7,1,,0,2,bounded
2557,1,13,1,2,2,2,certified
2579,-1,11,-1,1,1,1,certified
2591,-1,23,-1,1,1,1,certified
2593,1,1,1,0,0,0,certified
2609,-1,17,1,2,2,2,certified
2617,1,1,1,0,0,0,certified
2621,-1,5,-1,1,1,1,certified
2633,-1,17,1,,0,2,bounded
2647,1,7,-1,1,1,1,certified
2657,-1,17,-1,1,1,1,certified
2659,1,19,1,0,0,0,certified
2663,-1,23,-1,1,1,1,certified
2671,1,7,-1,1,1,1,certified
2677,1,13,-1,1,1,1,certified
2683,1,19,-1,1,1,1,certified
2687,-1,23,-1,1,1,1,certified
2689,1,1,1,2,2,2,certified
2693,-1,5,-1,1,1,1,certified
2699,-1,11,-1,3,3,3,certified
2707,1,19,-1,1,1,1,certified
2711,-1,23,1,0,0,0,certified
2713,1,1,-1,1,1,1,certified
2719,1,7,-1,1,1,1,certified
2729,-1,17,-1,,1,3,bounded
2731,1,19,1,0,0,0,certified
2741,-1,5,1,0,0,0,certified
2749,1,13,-1,1,1,1,certified
2753,-1,17,1,0,0,0,certified
2767,1,7,1,0,0,0,certified
2777,-1,17,1,0,0,0,certified
2789,-1,5,1,,0,2,bounded
2791,1,7,-1,1,1,1,certified
2797,1,13,1,2,2,2,certified
2801,-1,17,-1,1,1,1,certified
2803,1,19,1,2,2,2,certified
2819,-1,11,1,2,2,2,certified
2833,1,1,1,0,0,0,certified
2837,-1,5,-1,,1,3,bounded
2843,-1,11,-1,1,1,1,certified
2851,1,19,-1,1,1,1,certified
2857,1,1,-1,1,1,1,certified
2861,-1,5,1,2,2,2,certified
2879,-1,23,-1,1,1,1,certified
2887,1,7,-1,1,1,1,certified
2897,-1,17,1,2,2,2,certified
2903,-1,23,-1,1,1,1,certified
2909,-1,5,-1,1,1,1,certified
2917,1,13,1,0,0,0,certified
2927,-1,23,1,0,0,0,certified
2939,-1,11,-1,1,1,1,certified
2953,1,1,1,2,2,2,certified
2957,-1,5,1,,0,2,bounded
2963,-1,11,1,0,0,0,certified
2969,-1,17,1,,0,2,bounded
2971,1,19,-1,1,1,1,certified
2999,-1,23,1,0,0,0,certified
3001,1,1,-1,1,1,1,certified
3011,-1,11,-1,1,1,1,certified
3019,1,19,1,0,0,0,certified
3023,-1,23,-1,1,1,1,certified
3037,1,13,-1,1,1,1,certified
3041,-1,17,1,2,2,2,certified
3049,1,1,1,,0,2,bounded
3061,1,13,1,2,2,2,certified
3067,1,19,-1,1,1,1,certified
3079,1,7,-1,1,1,1,certified
3083,-1,11,-1,1,1,1,certified
3089,-1,17,-1,1,1,1,certified
3109,1,13,-1,1,1,1,certified
3119,-1,23,-1,1,1,1,certified
3121,1,1,1,,0,2,bounded
3137,-1,17,1,0,0,0,certified
3163,1,19,1,2,2,2,certified
3167,-1,23,-1,1,1,1,certified
3169,1,1,1,2,2,2,certified
3181,1,13,-1,1,1,1,certified
3187,1,19,-1,1,1,1,certified
3191,-1,23,-1,1,1,1,certified
3203,-1,11,-1,1,1,1,certified
3209,-1,17,1,,0,2,bounded
3217,1,1,-1,1,1,1,certified
3221,-1,5,1,0,0,0,certified
3229,1,13,1,,0,2,bounded
3251,-1,11,1,2,2,2,certified
3253,1,13,-1,1,1,1,certified
3257,-1,17,1,2,2,2,certified
3259,1,19,-1,3,3,3,certified
3271,1,7,1,2,2,2,certified
3299,-1,11,-1,1,1,1,certified
3301,1,13,1,0,0,0,certified
3307,1,19,1,0,0,0,certified
3313,1,1,1,2,2,2,certified
3319,1,7,-1,1,1,1,certified
3323,-1,11,1,0,0,0,certified
3329,-1,17,1,0,0,0,certified
3331,1,19,-1,3,3,3,certified
3343,1,7,1,2,2,2,certified
3347,-1,11,-1,1,1,1,certified
3359,-1,23,1,2,2,2,certified
3361,1,1,-1,1,1,1,certified
3371,-1,11,-1,3,3,3,certified
3373,1,13,1,,0,2,bounded
3389,-1,5,1,0,0,0,certified
3391,1,7,-1,,1,3,bounded
3407,-1,23,-1,3,3,3,certified
3413,-1,5,-1,1,1,1,certified
3433,1,1,-1,1,1,1,certified
3449,-1,17,-1,1,1,1,certified
3457,1,1,1,,0,2,bounded
3461,-1,5,1,0,0,0,certified
3463,1,7,-1,1,1,1,certified
3467,-1,11,1,2,2,2,certified
3469,1,13,-1,3,3,3,certified
3491,-1,11,-1,1,1,1,certified
3499,1,19,-1,1,1,1,certified
3511,1,7,-1,1,1,1,certified
3517,1,13,1,2,2,2,certified
3527,-1,23,-1,1,1,1,certified
3529,1,1,1,,0,2,bounded
3533,-1,5,1,0,0,0,certified
3539,-1,11,1,0,0,0,certified
3541,1,13,-1,1,1,1,certified
3547,1,19,-1,3,3,3,certified
3557,-1,5,-1,1,1,1,certified
3559,1,7,1,0,0,0,certified
3571,1,19,-1,1,1,1,certified
3581,-1,5,1,,0,2,bounded
3583,1,7,-1,1,1,1,certified
3593,-1,17,-1,1,1,1,certified
3607,1,7,-1,1,1,1,certified
3613,1,13,-1,1,1,1,certified
3617,-1,17,1,2,2,2,certified
3623,-1,23,-1,3,3,3,certified
3631,1,7,1,2,2,2,certified
3637,1,13,1,0,0,0,certified
3643,1,19,-1,1,1,1,certified
3659,-1,11,-1,1,1,1,certified
3671,-1,23,-1,1,1,1,certified
3673,1,1,1,0,0,0,certified
3677,-1,5,1,0,0,0,certified
3691,1,19,-1,1,1,1,certified
3697,1,1,1,0,0,0,certified
3701,-1,5,-1,1,1,1,certified
3709,1,13,1,2,2,2,certified
3719,-1,23,1,0,0,0,certified
3727,1,7,-1,1,1,1,certified
3733,1,13,1,2,2,2,certified
3739,1,19,1,2,2,2,certified
3761,-1,17,1,0,0,0,certified
3767,-1,23,-1,1,1,1,certified
3769,1,1,1,2,2,2,certified
3779,-1,11,-1,1,1,1,certified
3793,1,1,-1,1,1,1,certified
3797,-1,5,1,0,0,0,certified
3803,-1,11,-1,1,1,1,certified
3821,-1,5,1,0,0,0,certified
3823,1,7,-1,1,1,1,certified
3833,-1,17,1,0,0,0,certified
3847,1,7,1,0,0,0,certified
3851,-1,11,-1,1,1,1,certified
3853,1,13,1,0,0,0,certified
3863,-1,23,1,2,2,2,certified
3877,1,13,1,2,2,2,certified
3881,-1,17,-1,1,1,1,certified
3889,1,1,1,2,2,2,certified
3907,1,19,-1,,1,3,bounded
3911,-1,23,-1,1,1,1,certified
3917,-1,5,-1,3,3,3,certified
3919,1,7,1,2,2,2,certified
3923,-1,11,-1,1,1,1,certified
3929,-1,17,1,,0,2,bounded
3931,1,19,-1,1,1,1,certified
3943,1,7,-1,1,1,1,certified
3947,-1,11,-1,1,1,1,certified
3967,1,7,-1,3,3,3,certified
3989,-1,5,-1,1,1,1,certified
4001,-1,17,1,2,2,2,certified
4003,1,19,-1,1,1,1,certified
4007,-1,23,1,0,0,0,certified
4013,-1,5,1,2,2,2,certified
4019,-1,11,-1,1,1,1,certified
4021,1,13,1,,0,2,bounded
4027,1,19,1,0,0,0,certified
4049,-1,17,1,2,2,2,certified
4051,1,19,-1,1,1,1,certified
4057,1,1,1,,0,2,bounded
4073,-1,17,1,0,0,0,certified
4079,-1,23,1,0,0,0,certified
4091,-1,11,-1,1,1,1,certified
4093,1,13,1,,0,2,bounded
4099,1,19,1,2,2,2,certified
4111,1,7,-1,1,1,1,certified
4127,-1,23,-1,1,1,1,certified
4129,1,1,1,2,2,2,certified
4133,-1,5,-1,1,1,1,certified
4139,-1,11,-1,1,1,1,certified
4153,1,1,-1,1,1,1,certified
4157,-1,5,1,0,0,0,certified
4159,1,7,-1,1,1,1,certified
4177,1,1,1,0,0,0,certified
4201,1,1,1,2,2,2,certified
4211,-1,11,-1,1,1,1,certified
4217,-1,17,1,,0,2,bounded
4219,1,19,-1,1,1,1,certified
4229,-1,5,1,2,2,2,certified
4231,1,7,-1,1,1,1,certified
4241,-1,17,-1,1,1,1,certified
4243,1,19,1,2,2,2,certified
4253,-1,5,1,2,2,2,certified
4259,-1,11,1,0,0,0,certified
4261,1,13,-1,,1,3,bounded
4271,-1,23,-1,1,1,1,certified
4273,1,1,1,0,0,0,certified
4283,-1,11,-1,1,1,1,certified
4289,-1,17,1,,0,2,bounded
4297,1,1,-1,1,1,1,certified
4327,1,7,-1,1,1,1,certified
4337,-1,17,1,2,2,2,certified
4339,1,19,-1,1,1,1,certified
4349,-1,5,-1,1,1,1,certified
4357,1,13,1,0,0,0,certified
4363,1,19,-1,1,1,1,certified
4373,-1,5,1,0,0,0,certified
4391,-1,23,-1,1,1,1,certified
4397,-1,5,1,0,0,0,certified
4409,-1,17,1,0,0,0,certified
4421,-1,5,-1,1,1,1,certified
4423,1,7,1,2,2,2,certified
4441,1,1,-1,1,1,1,certified
4447,1,7,-1,1,1,1,certified
4451,-1,11,-1,1,1,1,certified
4457,-1,17,-1,3,3,3,certified
4463,-1,23,-1,1,1,1,certified
4481,-1,17,1,,0,2,bounded
4483,1,19,-1,1,1,1,certified
4493,-1,5,-1,1,1,1,certified
4507,1,19,-1,1,1,1,certified
4513,1,1,-1,3,3,3,certified
4517,-1,5,1,2,2,2,certified
4519,1,7,-1,1,1,1,certified
4523,-1,11,-1,1,1,1,certified
4547,-1,11,1,2,2,2,certified
4549,1,13,-1,1,1,1,certified
4561,1,1,1,2,2,2,certified
4567,1,7,1,,0,2,bounded
4583,-1,23,1,2,2,2,certified
4591,1,7,-1,1,1,1,certified
4597,1,13,1,,0,2,bounded
4603,1,19,1,2,2,2,certified
4621,1,13,-1,1,1,1,certified
4637,-1,5,-1,1,1,1,certified
4639,1,7,1,0,0,0,certified
4643,-1,11,-1,1,1,1,certified
4649,-1,17,1,0,0,0,certified
4651,1,19,-1,1,1,1,certified
4657,1,1,-1,1,1,1,certified
4663,1,7,-1,1,1,1,certified
4673,-1,17,-1,1,1,1,certified
4679,-1,23,-1,1,1,1,certified
4691,-1,11,1,0,0,0,certified
4703,-1,23,-1,1,1,1,certified
4721,-1,17,1,,0,2,bounded
4723,1,19,-1,1,1,1,certified
4729,1,1,-1,1,1,1,certified
4733,-1,5,1,0,0,0,certified
4751,-1,23,-1,1,1,1,certified
4759,1,7,-1,1,1,1,certified
4783,1,7,1,0,0,0,certified
4787,-1,11,-1,1,1,1,certified
4789,1,13,1,2,2,2,certified
4793,-1,17,1,2,2,2,certified
4799,-1,23,1,4,4,4,certified
4801,1,1,-1,1,1,1,certified
4813,1,13,1,2,2,2,certified
4817,-1,17,-1,,1,3,bounded
4831,1,7,-1,1,1,1,certified
4861,1,13,1,0,0,0,certified
4871,-1,23,1,2,2,2,certified
4877,-1,5,1,2,2,2,certified
4889,-1,17,-1,1,1,1,certified
4903,1,7,-1,1,1,1,certified
4909,1,13,-1,1,1,1,certified
4919,-1,23,-1,1,1,1,certified
4931,-1,11,-1,1,1,1,certified
4933,1,13,1,,0,2,bounded
4937,-1,17,1,,0,2,bounded
4943,-1,23,1,0,0,0,certified
4951,1,7,-1,1,1,1,certified
4957,1,13,1,0,0,0,certified
4967,-1,23,-1,1,1,1,certified
4969,1,1,1,0,0,0,certified
4973,-1,5,1,0,0,0,certified
4987,1,19,-1,1,1,1,certified
4993,1,1,1,,0,2,bounded
4999,1,7,1,,0,2,bounded
5003,-1,11,-1,1,1,1,certified
5009,-1,17,1,2,2,2,certified
5011,1,19,-1,1,1,1,certified
5021,-1,5,1,2,2,2,certified
5023,1,7,-1,1,1,1,certified
5039,-1,23,-1,1,1,1,certified
5051,-1,11,1,2,2,2,certified
5059,1,19,-1,1,1,1,certified
5077,1,13,1,0,0,0,certified
5081,-1,17,1,0,0,0,certified
5087,-1,23,1,0,0,0,certified
5099,-1,11,-1,1,1,1,certified
5101,1,13,1,0,0,0,certified
5107,1,19,1,2,2,2,certified
5113,1,1,1,0,0,0,certified
5119,1,7,-1,1,1,1,certified
5147,-1,11,-1,1,1,1,certified
5153,-1,17,1,0,0,0,certified
5167,1,7,-1,1,1,1,certified
5171,-1,11,-1,1,1,1,certified
5179,1,19,1,2,2,2,certified
5189,-1,5,1,0,0,0,certified
5197,1,13,-1,1,1,1,certified
5209,1,1,1,,0,2,bounded
5227,1,19,-1,3,3,3,certified
5231,-1,23,1,0,0,0,certified
5233,1,1,-1,1,1,1,certified
5237,-1,5,1,0,0,0,certified
5261,-1,5,1,0,0,0,certified
5273,-1,17,1,,0,2,bounded
5279,-1,23,-1,1,1,1,certified
5281,1,1,1,0,0,0,certified
5297,-1,17,1,0,0,0,certified
5303,-1,23,1,2,2,2,certified
5309,-1,5,1,0,0,0,certified
5323,1,19,1,0,0,0,certified
5333,-1,5,1,0,0,0,certified
5347,1,19,-1,1,1,1,certified
5351,-1,23,-1,1,1,1,certified
5381,-1,5,1,2,2,2,certified
5387,-1,11,-1,1,1,1,certified
5393,-1,17,-1,1,1,1,certified
5399,-1,23,-1,1,1,1,certified
5407,1,7,-1,1,1,1,certified
5413,1,13,-1,1,1,1,certified
5417,-1,17,1,4,4,4,certified
5419,1,19,-1,1,1,1,certified
5431,1,7,1,0,0,0,certified
5437,1,13,1,2,2,2,certified
5441,-1,17,1,0,0,0,certified
5443,1,19,-1,3,3,3,certified
5449,1,1,-1,1,1,1,certified
5471,-1,23,-1,1,1,1,certified
5477,-1,5,1,,0,2,bounded
5479,1,7,-1,1,1,1,certified
5483,-1,11,1,2,2,2,certified
5501,-1,5,-1,1,1,1,certified
5503,1,7,1,2,2,2,certified
5507,-1,11,-1,1,1,1,certified
5519,-1,23,1,0,0,0,certified
5521,1,1,-1,1,1,1,certified
5527,1,7,-1,1,1,1,certified
5531,-1,11,-1,1,1,1,certified
5557,1,13,-1,1,1,1,certified
5563,1,19,-1,3,3,3,certified
5569,1,1,1,0,0,0,certified
5573,-1,5,-1,1,1,1,certified
5581,1,13,1,2,2,2,certified
5591,-1,23,1,2,2,2,certified
5623,1,7,-1,1,1,1,certified
5639,-1,23,-1,1,1,1,certified
5641,1,1,1,0,0,0,certified
5647,1,7,1,0,0,0,certified
5651,-1,11,-1,1,1,1,certified
5653,1,13,1,2,2,2,certified
5657,-1,17,1,0,0,0,certified
5659,1,19,-1,1,1,1,certified
5669,-1,5,1,0,0,0,certified
5683,1,19,1,2,2,2,certified
5689,1,1,1,,0,2,bounded
5693,-1,5,1,,0,2,bounded
5701,1,13,-1,1,1,1,certified
5711,-1,23,-1,1,1,1,certified
5717,-1,5,-1,1,1,1,certified
5737,1,1,-1,1,1,1,certified
5741,-1,5,1,0,0,0,certified
5743,1,7,-1,1,1,1,certified
5749,1,13,1,0,0,0,certified
5779,1,19,-1,1,1,1,certified
5783,-1,23,-1,1,1,1,certified
5791,1,7,1,2,2,2,certified
5801,-1,17,1,,0,2,bounded
5807,-1,23,1,2,2,2,certified
5813,-1,5,1,0,0,0,certified
5821,1,13,1,,0,2,bounded
5827,1,19,1,0,0,0,certified
5839,1,7,-1,1,1,1,certified
5843,-1,11,1,2,2,2,certified
5849,-1,17,1,0,0,0,certified
5851,1,19,-1,1,1,1,certified
5857,1,1,1,0,0,0,certified
5861,-1,5,-1,1,1,1,certified
5867,-1,11,-1,1,1,1,certified
5869,1,13,1,,0,2,bounded
5879,-1,23,1,0,0,0,certified
5881,1,1,-1,1,1,1,certified
5897,-1,17,-1,1,1,1,certified
5903,-1,23,-1,1,1,1,certified
5923,1,19,-1,1,1,1,certified
5927,-1,23,-1,1,1,1,certified
5939,-1,11,-1,1,1,1,certified
5953,1,1,-1,1,1,1,certified
5981,-1,5,1,2,2,2,certified
5987,-1,11,1,2,2,2,certified
6007,1,7,1,0,0,0,certified
6011,-1,11,-1,3,3,3,certified
6029,-1,5,1,,0,2,bounded
6037,1,13,1,,0,2,bounded
6043,1,19,1,2,2,2,certified
6047,-1,23,-1,1,1,1,certified
6053,-1,5,1,0,0,0,certified
6067,1,19,-1,3,3,3,certified
6073,1,1,1,2,2,2,certified
6079,1,7,1,0,0,0,certified
6089,-1,17,1,0,0,0,certified
6091,1,19,-1,1,1,1,certified
6101,-1,5,1,0,0,0,certified
6113,-1,17,-1,,1,3,bounded
6121,1,1,1,0,0,0,certified
6131,-1,11,1,2,2,2,certified
6133,1,13,-1,1,1,1,certified
6143,-1,23,-1,1,1,1,certified
6151,1,7,1,2,2,2,certified
6163,1,19,-1,1,1,1,certified
6173,-1,5,1,0,0,0,certified
6197,-1,5,1,0,0,0,certified
6199,1,7,-1,3,3,3,certified
6203,-1,11,1,2,2,2,certified
6211,1,19,-1,1,1,1,certified
6217,1,1,1,,0,2,bounded
6221,-1,5,-1,1,1,1,certified
6229,1,13,1,0,0,0,certified
6247,1,7,-1,1,1,1,certified
6257,-1,17,-1,1,1,1,certified
6263,-1,23,-1,1,1,1,certified
6269,-1,5,1,2,2,2,certified
6271,1,7,-1,1,1,1,certified
6277,1,13,-1,1,1,1,certified
6287,-1,23,-1,1,1,1,certified
6299,-1,11,-1,1,1,1,certified
6301,1,13,1,2,2,2,certified
6311,-1,23,1,0,0,0,certified
6317,-1,5,1,2,2,2,certified
6323,-1,11,-1,1,1,1,certified
6329,-1,17,-1,1,1,1,certified
6337,1,1,1,0,0,0,certified
6343,1,7,-1,1,1,1,certified
6353,-1,17,1,2,2,2,certified
6359,-1,23,-1,1,1,1,certified
6361,1,1,1,0,0,0,certified
6367,1,7,1,0,0,0,certified
6373,1,13,1,,0,2,bounded
6379,1,19,-1,1,1,1,certified
6389,-1,5,1,0,0,0,certified
6397,1,13,1,0,0,0,certified
6421,1,13,-1,1,1,1,certified
6427,1,19,-1,1,1,1,certified
6449,-1,17,1,0,0,0,certified
6451,1,19,-1,1,1,1,certified
6469,1,13,1,0,0,0,certified
6473,-1,17,-1,1,1,1,certified
6481,1,1,1,0,0,0,certified
6491,-1,11,1,0,0,0,certified
6521,-1,17,1,,0,2,bounded
6529,1,1,-1,1,1,1,certified
6547,1,19,1,2,2,2,certified
6551,-1,23,-1,3,3,3,certified
6553,1,1,1,2,2,2,certified
6563,-1,11,1,2,2,2,certified
6569,-1,17,1,2,2,2,certified
6571,1,19,-1,1,1,1,certified
6577,1,1,1,2,2,2,certified
6581,-1,5,-1,1,1,1,certified
6599,-1,23,1,2,2,2,certified
6607,1,7,-1,1,1,1,certified
6619,1,19,1,2,2,2,certified
6637,1,13,-1,1,1,1,certified
6653,-1,5,-1,1,1,1,certified
6659,-1,11,-1,1,1,1,certified
6661,1,13,1,0,0,0,certified
6673,1,1,-1,1,1,1,certified
6679,1,7,-1,,1,3,bounded
6689,-1,17,-1,1,1,1,certified
6691,1,19,1,4,4,4,certified
6701,-1,5,1,0,0,0,certified
6703,1,7,-1,1,1,1,certified
6709,1,13,-1,1,1,1,certified
6719,-1,23,-1,1,1,1,certified
6733,1,13,1,0,0,0,certified
6737,-1,17,1,0,0,0,certified
6761,-1,17,-1,1,1,1,certified
6763,1,19,1,0,0,0,certified
6779,-1,11,1,0,0,0,certified
6781,1,13,-1,1,1,1,certified
6791,-1,23,-1,1,1,1,certified
6793,1,1,1,0,0,0,certified
6803,-1,11,-1,1,1,1,certified
6823,1,7,-1,3,3,3,certified
6827,-1,11,-1,1,1,1,certified
6829,1,13,1,2,2,2,certified
6833,-1,17,-1,,1,3,bounded
6841,1,1,1,0,0,0,certified
6857,-1,17,1,0,0,0,certified
6863,-1,23,-1,1,1,1,certified
6869,-1,5,-1,1,1,1,certified
6871,1,7,1,2,2,2,certified
6883,1,19,-1,1,1,1,certified
6899,-1,11,-1,1,1,1,certified
6907,1,19,1,2,2,2,certified
6911,-1,23,-1,3,3,3,certified
6917,-1,5,1,,0,2,bounded
6947,-1,11,-1,1,1,1,certified
6949,1,13,1,0,0,0,certified
6959,-1,23,1,0,0,0,certified
6961,1,1,-1,,1,3,bounded
6967,1,7,-1,3,3,3,certified
6971,-1,11,-1,1,1,1,certified
6977,-1,17,-1,1,1,1,certified
6983,-1,23,-1,1,1,1,certified
6991,1,7,-1,1,1,1,certified
6997,1,13,-1,1,1,1,certified
7001,-1,17,1,0,0,0,certified
7013,-1,5,-1,1,1,1,certified
7019,-1,11,-1,1,1,1,certified
7027,1,19,-1,1,1,1,certified
7039,1,7,-1,1,1,1,certified
7043,-1,11,-1,1,1,1,certified
7057,1,1,1,2,2,2,certified
7069,1,13,-1,1,1,1,certified
7079,-1,23,-1,1,1,1,certified
7103,-1,23,1,0,0,0,certified
7109,-1,5,1,2,2,2,certified
7121,-1,17,-1,1,1,1,certified
7127,-1,23,-1,1,1,1,certified
7129,1,1,1,0,0,0,certified
7151,-1,23,-1,1,1,1,certified
7159,1,7,1,2,2,2,certified
7177,1,1,-1,1,1,1,certified
7187,-1,11,-1,1,1,1,certified
7193,-1,17,-1,1,1,1,certified
7207,1,7,-1,1,1,1,certified
7211,-1,11,1,2,2,2,certified
7213,1,13,-1,1,1,1,certified
7219,1,19,-1,1,1,1,certified
7229,-1,5,-1,1,1,1,certified
7237,1,13,1,0,0,0,certified
7243,1,19,-1,1,1,1,certified
7247,-1,23,1,,0,2,bounded
7253,-1,5,1,0,0,0,certified
7283,-1,11,1,2,2,2,certified
7297,1,1,1,,0,2,bounded
7307,-1,11,-1,1,1,1,certified
7309,1,13,1,0,0,0,certified
7321,1,1,-1,1,1,1,certified
7331,-1,11,-1,1,1,1,certified
7333,1,13,1,,0,2,bounded
7349,-1,5,1,0,0,0,certified
7351,1,7,-1,1,1,1,certified
7369,1,1,1,0,0,0,certified
7393,1,1,-1,1,1,1,certified
7411,1,19,1,2,2,2,certified
7417,1,1,1,2,2,2,certified
7433,-1,17,1,0,0,0,certified
7451,-1,11,-1,1,1,1,certified
7457,-1,17,1,0,0,0,certified
7459,1,19,-1,1,1,1,certified
7477,1,13,1,0,0,0,certified
7481,-1,17,-1,1,1,1,certified
7487,-1,23,-1,1,1,1,certified
7489,1,1,1,2,2,2,certified
7499,-1,11,1,2,2,2,certified
7507,1,19,-1,1,1,1,certified
7517,-1,5,-1,1,1,1,certified
7523,-1,11,-1,1,1,1,certified
7529,-1,17,1,2,2,2,certified
7537,1,1,-1,1,1,1,certified
7541,-1,5,1,0,0,0,certified
7547,-1,11,-1,1,1,1,certified
7549,1,13,1,0,0,0,certified
7559,-1,23,-1,1,1,1,certified
7561,1,1,1,,0,2,bounded
7573,1,13,-1,1,1,1,certified
7577,-1,17,1,,0,2,bounded
7583,-1,23,-1,3,3,3,certified
7589,-1,5,-1,1,1,1,certified
7591,1,7,1,0,0,0,certified
7603,1,19,-1,1,1,1,certified
7607,-1,23,1,2,2,2,certified
7621,1,13,1,2,2,2,certified
7639,1,7,-1,1,1,1,certified
7643,-1,11,1,0,0,0,certified
7649,-1,17,1,0,0,0,certified
7669,1,13,1,,0,2,bounded
7673,-1,17,1,0,0,0,certified
7681,1,1,-1,1,1,1,certified
7687,1,7,-1,1,1,1,certified
7691,-1,11,-1,1,1,1,certified
7699,1,19,1,2,2,2,certified
7703,-1,23,-1,1,1,1,certified
7717,1,13,-1,1,1,1,certified
7723,1,19,-1,3,3,3,certified
7727,-1,23,-1,1,1,1,certified
7741,1,13,1,0,0,0,certified
7753,1,1,-1,1,1,1,certified
7757,-1,5,1,0,0,0,certified
7759,1,7,-1,1,1,1,certified
7789,1,13,-1,1,1,1,certified
7793,-1,17,1,2,2,2,certified
7817,-1,17,1,2,2,2,certified
7823,-1,23,1,0,0,0,certified
7829,-1,5,1,,0,2,bounded
7841,-1,17,-1,3,3,3,certified
7853,-1,5,1,,0,2,bounded
7867,1,19,-1,1,1,1,certified
7873,1,1,1,0,0,0,certified
7877,-1,5,-1,1,1,1,certified
7879,1,7,1,2,2,2,certified
7883,-1,11,-1,1,1,1,certified
7901,-1,5,1,2,2,2,certified
7907,-1,11,-1,1,1,1,certified
7919,-1,23,-1,1,1,1,certified
7927,1,7,-1,1,1,1,certified
7933,1,13,-1,1,1,1,certified
7937,-1,17,1,0,0,0,certified
7949,-1,5,-1,1,1,1,certified
7951,1,7,1,2,2,2,certified
7963,1,19,-1,1,1,1,certified
7993,1,1,1,0,0,0,certified
8009,-1,17,1,0,0,0,certified
8011,1,19,-1,1,1,1,certified
8017,1,1,1,0,0,0,certified
8039,-1,23,1,2,2,2,certified
8053,1,13,1,,0,2,bounded
8059,1,19,1,2,2,2,certified
8069,-1,5,1,,0,2,bounded
8081,-1,17,1,,0,2,bounded
8087,-1,23,-1,1,1,1,certified
8089,1,1,1,,0,2,bounded
8093,-1,5,-1,1,1,1,certified
8101,1,13,1,0,0,0,certified
8111,-1,23,1,2,2,2,certified
8117,-1,5,1,0,0,0,certified
8123,-1,11,-1,1,1,1,certified
8147,-1,11,1,2,2,2,certified
8161,1,1,1,0,0,0,certified
8167,1,7,1,2,2,2,certified
8171,-1,11,-1,1,1,1,certified
8179,1,19,-1,1,1,1,certified
8191,1,7,-1,1,1,1,certified
8209,1,1,1,0,0,0,certified
8219,-1,11,1,2,2,2,certified
8221,1,13,-1,1,1,1,certified
8231,-1,23,-1,1,1,1,certified
8233,1,1,1,0,0,0,certified
8237,-1,5,-1,3,3,3,certified
8243,-1,11,-1,3,3,3,certified
8263,1,7,-1,,1,3,bounded
8269,1,13,1,0,0,0,certified
8273,-1,17,-1,1,1,1,certified
8287,1,7,-1,1,1,1,certified
8291,-1,11,1,2,2,2,certified
8293,1,13,-1,1,1,1,certified
8297,-1,17,1,2,2,2,certified
8311,1,7,1,2,2,2,certified
8317,1,13,1,,0,2,bounded
8329,1,1,-1,1,1,1,certified
8353,1,1,1,0,0,0,certified
8363,-1,11,1,2,2,2,certified
8369,-1,17,1,2,2,2,certified
8377,1,1,1,2,2,2,certified
8387,-1,11,-1,1,1,1,certified
8389,1,13,1,2,2,2,certified
8419,1,19,1,2,2,2,certified
8423,-1,23,-1,1,1,1,certified
8429,-1,5,1,0,0,0,certified
8431,1,7,-1,1,1,1,certified
8443,1,19,-1,1,1,1,certified
8447,-1,23,-1,1,1,1,certified
8461,1,13,1,0,0,0,certified
8467,1,19,-1,1,1,1,certified
8501,-1,5,1,0,0,0,certified
8513,-1,17,1,2,2,2,certified
8521,1,1,1,0,0,0,certified
8527,1,7,1,0,0,0,certified
8537,-1,17,1,2,2,2,certified
8539,1,19,-1,1,1,1,certified
8543,-1,23,1,,0,2,bounded
8563,1,19,1,2,2,2,certified
8573,-1,5,1,0,0,0,certified
8581,1,13,-1,1,1,1,certified
8597,-1,5,-1,1,1,1,certified
8599,1,7,1,0,0,0,certified
8609,-1,17,1,,0,2,bounded
8623,1,7,-1,3,3,3,certified
8627,-1,11,-1,1,1,1,certified
8629,1,13,1,0,0,0,certified
8641,1,1,1,0,0,0,certified
8647,1,7,-1,1,1,1,certified
8663,-1,23,-1,1,1,1,certified
8669,-1,5,-1,1,1,1,certified
8677,1,13,1,2,2,2,certified
8681,-1,17,1,0,0,0,certified
8689,1,1,-1,1,1,1,certified
8693,-1,5,1,2,2,2,certified
8699,-1,11,-1,1,1,1,certified
8707,1,19,1,0,0,0,certified
8713,1,1,1,0,0,0,certified
8719,1,7,-1,1,1,1,certified
8731,1,19,-1,1,1,1,certified
8737,1,1,1,2,2,2,certified
8741,-1,5,-1,1,1,1,certified
8747,-1,11,-1,3,3,3,certified
8753,-1,17,1,0,0,0,certified
8761,1,1,-1,1,1,1,certified
8779,1,19,1,2,2,2,certified
8783,-1,23,-1,1,1,1,certified
8803,1,19,-1,3,3,3,certified
8807,-1,23,-1,1,1,1,certified
8819,-1,11,-1,1,1,1,certified
8821,1,13,1,,0,2,bounded
8831,-1,23,1,2,2,2,certified
8837,-1,5,1,0,0,0,certified
8839,1,7,-1,1,1,1,certified
8849,-1,17,-1,1,1,1,certified
8861,-1,5,1,2,2,2,certified
8863,1,7,-1,1,1,1,certified
8867,-1,11,1,2,2,2,certified
8887,1,7,1,2,2,2,certified
8893,1,13,1,0,0,0,certified
8923,1,19,1,0,0,0,certified
8929,1,1,1,2,2,2,certified
8933,-1,5,1,,0,2,bounded
8941,1,13,-1,1,1,1,certified
8951,-1,23,-1,1,1,1,certified
8963,-1,11,-1,1,1,1,certified
8969,-1,17,1,2,2,2,certified
8971,1,19,-1,1,1,1,certified
8999,-1,23,-1,1,1,1,certified
9001,1,1,1,2,2,2,certified
9007,1,7,-1,1,1,1,certified
9011,-1,11,1,2,2,2,certified
9013,1,13,-1,3,3,3,certified
9029,-1,5,-1,1,1,1,certified
9041,-1,17,1,2,2,2,certified
9043,1,19,-1,1,1,1,certified
9049,1,1,-1,1,1,1,certified
9059,-1,11,-1,1,1,1,certified
9067,1,19,1,2,2,2,certified
9091,1,19,-1,1,1,1,certified
9103,1,7,1,0,0,0,certified
9109,1,13,1,2,2,2,certified
9127,1,7,-1,3,3,3,certified
9133,1,13,1,,0,2,bounded
9137,-1,17,-1,1,1,1,certified
9151,1,7,-1,1,1,1,certified
9157,1,13,-1,1,1,1,certified
9161,-1,17,1,2,2,2,certified
9173,-1,5,-1,1,1,1,certified
9181,1,13,1,,0,2,bounded
9187,1,19,-1,1,1,1,certified
9199,1,7,-1,1,1,1,certified
9203,-1,11,-1,1,1,1,certified
9209,-1,17,-1,1,1,1,certified
9221,-1,5,1,0,0,0,certified
9227,-1,11,1,,0,2,bounded
9239,-1,23,-1,1,1,1,certified
9241,1,1,1,0,0,0,certified
9257,-1,17,1,2,2,2,certified
9277,1,13,1,,0,2,bounded
9281,-1,17,-1,1,1,1,certified
9283,1,19,1,2,2,2,certified
9293,-1,5,1,0,0,0,certified
9311,-1,23,-1,,1,3,bounded
9319,1,7,1,2,2,2,certified
9323,-1,11,-1,1,1,1,certified
9337,1,1,-1,1,1,1,certified
9341,-1,5,1,0,0,0,certified
9343,1,7,-1,1,1,1,certified
9349,1,13,1,2,2,2,certified
9371,-1,11,1,2,2,2,certified
9377,-1,17,1,0,0,0,certified
9391,1,7,1,0,0,0,certified
9397,1,13,1,2,2,2,certified
9403,1,19,-1,1,1,1,certified
9413,-1,5,1,2,2,2,certified
9419,-1,11,-1,1,1,1,certified
9421,1,13,1,2,2,2,certified
9431,-1,23,-1,1,1,1,certified
9433,1,1,1,0,0,0,certified
9437,-1,5,1,2,2,2,certified
9439,1,7,-1,1,1,1,certified
9461,-1,5,-1,1,1,1,certified
9463,1,7,1,2,2,2,certified
9467,-1,11,-1,1,1,1,certified
9473,-1,17,1,,0,2,bounded
9479,-1,23,1,,0,2,bounded
9491,-1,11,-1,1,1,1,certified
9497,-1,17,-1,1,1,1,certified
9511,1,7,-1,1,1,1,certified
9521,-1,17,1,,0,2,bounded
9533,-1,5,-1,1,1,1,certified
9539,-1,11,-1,1,1,1,certified
9547,1,19,-1,1,1,1,certified
9551,-1,23,1,,0,2,bounded
9587,-1,11,1,2,2,2,certified
9601,1,1,1,2,2,2,certified
9613,1,13,1,0,0,0,certified
9619,1,19,-1,1,1,1,certified
9623,-1,23,1,0,0,0,certified
9629,-1,5,1,0,0,0,certified
9631,1,7,-1,1,1,1,certified
9643,1,19,1,2,2,2,certified
9649,1,1,1,,0,2,bounded
9661,1,13,-1,1,1,1,certified
9677,-1,5,-1,1,1,1,certified
9679,1,7,1,0,0,0,certified
9689,-1,17,1,,0,2,bounded
9697,1,1,-1,1,1,1,certified
9719,-1,23,-1,1,1,1,certified
9721,1,1,1,,0,2,bounded
9733,1,13,-1,1,1,1,certified
9739,1,19,-1,1,1,1,certified
9743,-1,23,-1,1,1,1,certified
9749,-1,5,-1,3,3,3,certified
9767,-1,23,1,2,2,2,certified
9769,1,1,-1,1,1,1,certified
9781,1,13,1,0,0,0,certified
9787,1,19,1,2,2,2,certified
9791,-1,23,-1,1,1,1,certified
9803,-1,11,1,0,0,0,certified
9811,1,19,-1,3,3,3,certified
9817,1,1,1,2,2,2,certified
9829,1,13,1,2,2,2,certified
9833,-1,17,1,0,0,0,certified
9839,-1,23,1,2,2,2,certified
9851,-1,11,-1,1,1,1,certified
9857,-1,17,-1,1,1,1,certified
9859,1,19,1,0,0,0,certified
9871,1,7,-1,1,1,1,certified
9883,1,19,-1,1,1,1,certified
9887,-1,23,-1,,1,3,bounded
9901,1,13,1,0,0,0,certified
9907,1,19,-1,1,1,1,certified
9923,-1,11,-1,1,1,1,certified
9929,-1,17,-1,1,1,1,certified
9931,1,19,1,2,2,2,certified
9941,-1,5,1,,0,2,bounded
9949,1,13,-1,1,1,1,certified
9967,1,7,1,4,4,4,certified
9973,1,13,1,0,0,0,certified
